{
    "dataset_info": {
        "size": 2593,
        "class_distribution": {
            "disgust": 801,
            "love": 798,
            "surprise": 504,
            "fear": 490
        }
    },
    "stacking_model": {
        "accuracy": 0.953757225433526,
        "f1_score": 0.9498409176514903,
        "macro_recall": 0.9511681652859163,
        "per_class_recall": {
            "fear": 0.9489795918367347,
            "love": 0.975,
            "disgust": 0.95,
            "surprise": 0.9306930693069307
        },
        "classification_report": "              precision    recall  f1-score   support\n\n        fear       0.90      0.95      0.93        98\n        love       0.97      0.97      0.97       160\n     disgust       0.97      0.95      0.96       160\n    surprise       0.95      0.93      0.94       101\n\n    accuracy                           0.95       519\n   macro avg       0.95      0.95      0.95       519\nweighted avg       0.95      0.95      0.95       519\n"
    },
    "base_classifiers": {
        "MultinomialNB": {
            "accuracy": 0.884393063583815,
            "f1_score": 0.8764898080011101,
            "macro_recall": 0.868985843099616,
            "per_class_recall": {
                "fear": 0.7755102040816326,
                "love": 0.93125,
                "disgust": 0.9375,
                "surprise": 0.8316831683168316
            }
        },
        "SVM": {
            "accuracy": 0.9479768786127167,
            "f1_score": 0.9430833221799402,
            "macro_recall": 0.9435151040614265,
            "per_class_recall": {
                "fear": 0.9183673469387755,
                "love": 0.975,
                "disgust": 0.95,
                "surprise": 0.9306930693069307
            }
        },
        "RandomForest": {
            "accuracy": 0.8805394990366089,
            "f1_score": 0.868933055198357,
            "macro_recall": 0.8676828652252981,
            "per_class_recall": {
                "fear": 0.8979591836734694,
                "love": 0.9375,
                "disgust": 0.9125,
                "surprise": 0.7227722772277227
            }
        }
    }
}