{
    "dataset_info": {
        "size": 2593,
        "class_distribution": {
            "disgust": 801,
            "love": 798,
            "surprise": 504,
            "fear": 490
        }
    },
    "stacking_model": {
        "accuracy": 0.9595375722543352,
        "f1_score": 0.9564338754447546,
        "macro_recall": 0.9585939078601737,
        "per_class_recall": {
            "fear": 0.9489795918367347,
            "love": 0.975,
            "disgust": 0.95,
            "surprise": 0.9603960396039604
        },
        "classification_report": "              precision    recall  f1-score   support\n\n        fear       0.92      0.95      0.93        98\n        love       0.98      0.97      0.98       160\n     disgust       0.97      0.95      0.96       160\n    surprise       0.94      0.96      0.95       101\n\n    accuracy                           0.96       519\n   macro avg       0.95      0.96      0.96       519\nweighted avg       0.96      0.96      0.96       519\n"
    },
    "base_classifiers": {
        "MultinomialNB": {
            "accuracy": 0.8709055876685935,
            "f1_score": 0.8542828481698522,
            "macro_recall": 0.8435236285108103,
            "per_class_recall": {
                "fear": 0.6632653061224489,
                "love": 0.95625,
                "disgust": 0.9625,
                "surprise": 0.7920792079207921
            }
        },
        "SVM": {
            "accuracy": 0.9595375722543352,
            "f1_score": 0.9561643671406932,
            "macro_recall": 0.9557798924025056,
            "per_class_recall": {
                "fear": 0.9387755102040817,
                "love": 0.9875,
                "disgust": 0.95625,
                "surprise": 0.9405940594059405
            }
        },
        "RandomForest": {
            "accuracy": 0.8747591522157996,
            "f1_score": 0.8584847725695637,
            "macro_recall": 0.8563030410183876,
            "per_class_recall": {
                "fear": 0.8571428571428571,
                "love": 0.9625,
                "disgust": 0.9125,
                "surprise": 0.693069306930693
            }
        }
    }
}